time,link,queue_count,queue_length
 07:01:00,221723366,3,77.34240595
 07:01:00,349154287#5,1,24.82342102
 07:01:00,5677903#1,0,0
