Type_ID,Length (ft)
4518,14.76378
5018,16.4042
8024,26.24672
8025,26.24672
1509,4.92126
